Year,State,UR,ER,WAGE,UMALE,POV
2010,Alabama,34.00%,0.656424581,8.6,11.00%,0.125633097
2010,Alaska,30.60%,0.672489083,9.19,9.80%,0.070901914
2010,Arizona,31.70%,0.676470588,8.6,11.80%,0.118139951
2010,Arkansas,31.10%,0.683544304,8.6,8.80%,0.121304247
2010,California,36.60%,0.623376623,9.49,12.30%,0.107016105
2010,Colorado,28.10%,0.697727273,8.6,10.00%,0.095624111
2010,Connecticut,25.40%,0.73594132,9.79,10.20%,0.071424355
2010,Delaware,25.60%,0.739002933,8.6,9.50%,0.075192596
2010,District of Columbia,39.40%,0.579787234,9.79,13.30%,0.126596228
2010,Florida,34.90%,0.640117994,8.6,13.50%,0.110267353
2010,Georgia,40.00%,0.587537092,8.6,11.90%,0.121050494
2010,Hawaii,28.00%,0.661764706,8.6,8.30%,0.074785694
2010,Idaho,29.00%,0.710462287,8.6,10.30%,0.113475404
2010,Illinois,31.30%,0.685279188,9.79,11.60%,0.093180558
2010,Indiana,26.60%,0.734375,8.6,11.10%,0.104454833
2010,Iowa,21.70%,0.783625731,8.6,6.30%,0.086391142
2010,Kansas,20.70%,0.791397849,8.6,7.70%,0.091184091
2010,Kentucky,28.80%,0.668112798,8.6,11.40%,0.129605808
2010,Louisiana,30.70%,0.688829787,8.6,10.00%,0.121004789
2010,Maine,23.40%,0.766738661,8.9,9.10%,0.087631418
2010,Maryland,29.30%,0.696741855,8.6,8.60%,0.067152469
2010,Massachusetts,27.60%,0.724299065,9.49,10.60%,0.080217325
2010,Michigan,34.70%,0.652811736,8.78,15.70%,0.115580901
2010,Minnesota,22.80%,0.771717172,8.6,8.80%,0.078857087
2010,Mississippi,39.10%,0.592145015,8.6,11.70%,0.144865344
2010,Missouri,25.20%,0.730593607,8.6,10.60%,0.103686867
2010,Montana,25.90%,0.737980769,8.6,8.70%,0.101451427
2010,Nebraska,19.50%,0.80511811,8.6,6.80%,0.085422644
2010,Nevada,34.60%,0.650273224,8.6,14.30%,0.100477596
2010,New Hampshire,21.70%,0.782135076,8.6,7.70%,0.060138345
2010,New Jersey,26.60%,0.731343284,8.6,10.70%,0.068062647
2010,New Mexico,22.70%,0.76969697,8.9,9.70%,0.130907549
2010,New York,28.10%,0.71474359,8.6,9.90%,0.09883065
2010,North Carolina,33.40%,0.651595745,8.6,12.30%,0.118279011
2010,North Dakota,15.80%,0.822179732,8.6,3.40%,0.085484672
2010,Ohio,31.80%,0.682242991,8.66,12.00%,0.106387757
2010,Oklahoma,20.40%,0.782022472,8.6,8.00%,0.109186493
2010,Oregon,33.30%,0.667525773,9.96,13.70%,0.113641446
2010,Pennsylvania,27.20%,0.729268293,8.6,9.70%,0.088996574
2010,Rhode Island,23.90%,0.76142132,8.78,11.90%,0.09552787
2010,South Carolina,33.30%,0.620320856,8.6,12.30%,0.122164694
2010,South Dakota,20.00%,0.792635659,8.6,6.10%,0.09456129
2010,Tennessee,29.30%,0.706036745,8.6,11.10%,0.119482553
2010,Texas,26.90%,0.721126761,8.6,8.20%,0.115823192
2010,Utah,25.50%,0.743902439,8.6,8.40%,0.094093919
2010,Vermont,18.30%,0.817622951,9.56,8.30%,0.091114257
2010,Virginia,27.20%,0.675531915,8.6,7.90%,0.07693858
2010,Washington,29.10%,0.697547684,10.14,10.90%,0.095410091
2010,West Virginia,29.80%,0.700879765,8.6,9.60%,0.12583103
2010,Wisconsin,20.30%,0.797546012,8.6,9.60%,0.088554263
2010,Wyoming,19.40%,0.794183445,8.6,6.30%,0.075576637
2011,Alabama,35.60%,0.637724551,8.34,10.70%,0.127258646
2011,Alaska,20.40%,0.758536585,8.91,9.50%,0.072027374
2011,Arizona,31.20%,0.684065934,8.45,10.80%,0.127081103
2011,Arkansas,30.20%,0.698324022,8.34,9.40%,0.129967096
2011,California,37.90%,0.609427609,9.2,11.60%,0.113726087
2011,Colorado,29.10%,0.688940092,8.46,8.50%,0.096725545
2011,Connecticut,28.60%,0.709006928,9.49,10.40%,0.073892275
2011,Delaware,29.40%,0.704022989,8.34,9.00%,0.081530182
2011,District of Columbia,38.20%,0.610328638,9.49,12.00%,0.123240924
2011,Florida,34.00%,0.650887574,8.34,12.40%,0.112312673
2011,Georgia,36.80%,0.615384615,8.34,10.80%,0.130294496
2011,Hawaii,28.10%,0.679083095,8.34,8.40%,0.080709742
2011,Idaho,31.80%,0.680709534,8.34,9.40%,0.117115204
2011,Illinois,32.40%,0.6640625,9.49,10.70%,0.10055898
2011,Indiana,26.70%,0.730458221,8.34,9.70%,0.108952671
2011,Iowa,18.50%,0.815789474,8.34,5.90%,0.087448178
2011,Kansas,21.70%,0.776842105,8.34,6.90%,0.094589197
2011,Kentucky,27.20%,0.723716381,8.34,10.10%,0.127807457
2011,Louisiana,27.60%,0.720797721,8.34,8.70%,0.135694015
2011,Maine,21.30%,0.784946237,8.62,9.30%,0.101804319
2011,Maryland,26.90%,0.723076923,8.34,8.60%,0.069022401
2011,Massachusetts,26.00%,0.738636364,9.2,9.10%,0.07794959
2011,Michigan,34.00%,0.660146699,8.51,13.20%,0.120810079
2011,Minnesota,20.80%,0.79296875,8.34,7.80%,0.082804176
2011,Mississippi,36.80%,0.622073579,8.34,9.90%,0.145570807
2011,Missouri,25.70%,0.720982143,8.34,9.10%,0.107674793
2011,Montana,22.40%,0.773305085,8.34,8.60%,0.103737765
2011,Nebraska,20.80%,0.79223301,8.34,5.40%,0.087913884
2011,Nevada,35.10%,0.644776119,8.34,12.60%,0.111105021
2011,New Hampshire,21.60%,0.780439122,8.34,6.20%,0.061520832
2011,New Jersey,30.10%,0.697947214,8.34,10.30%,0.068677236
2011,New Mexico,33.20%,0.663461538,8.62,10.70%,0.143577013
2011,New York,29.90%,0.697749196,8.34,9.20%,0.10675493
2011,North Carolina,33.90%,0.647222222,8.34,10.80%,0.120979776
2011,North Dakota,10.60%,0.887619048,8.34,2.60%,0.082788509
2011,Ohio,30.40%,0.696759259,8.51,10.30%,0.111197263
2011,Oklahoma,22.70%,0.763157895,8.34,7.00%,0.116775043
2011,Oregon,32.50%,0.670241287,9.77,12.40%,0.128544879
2011,Pennsylvania,25.10%,0.747524752,8.34,9.30%,0.092363062
2011,Rhode Island,31.40%,0.686070686,8.51,9.70%,0.094531772
2011,South Carolina,34.90%,0.613888889,8.34,11.10%,0.125207839
2011,South Dakota,15.50%,0.845841785,8.34,5.30%,0.089923575
2011,Tennessee,28.30%,0.713917526,8.34,10.00%,0.123617631
2011,Texas,27.50%,0.709302326,8.34,7.60%,0.119603526
2011,Utah,23.00%,0.770491803,8.34,7.40%,0.100290277
2011,Vermont,19.10%,0.807424594,9.37,6.60%,0.081885928
2011,Virginia,25.10%,0.731382979,8.34,7.10%,0.080054941
2011,Washington,31.60%,0.673130194,9.97,10.00%,0.098901588
2011,West Virginia,27.30%,0.727011494,8.34,9.50%,0.130438173
2011,Wisconsin,19.30%,0.806382979,8.34,8.50%,0.088704296
2011,Wyoming,12.70%,0.861328125,8.34,4.80%,0.079070675
2012,Alabama,32.00%,0.674626866,8.17,8.60%,0.125078789
2012,Alaska,17.70%,0.792207792,8.73,8.60%,0.07344773
2012,Arizona,29.10%,0.697547684,8.62,9.10%,0.124573376
2012,Arkansas,29.10%,0.706036745,8.17,7.90%,0.131500099
2012,California,35.50%,0.634812287,9.01,10.60%,0.115248183
2012,Colorado,26.50%,0.723653396,8.61,7.10%,0.097443277
2012,Connecticut,24.40%,0.745762712,9.29,9.80%,0.071880713
2012,Delaware,20.90%,0.790502793,8.17,8.60%,0.080019769
2012,District of Columbia,29.90%,0.669039146,9.29,9.90%,0.126536831
2012,Florida,33.70%,0.653614458,8.64,11.00%,0.112485502
2012,Georgia,34.00%,0.639053254,8.17,10.10%,0.128081645
2012,Hawaii,22.70%,0.724409449,8.17,7.20%,0.077460311
2012,Idaho,22.30%,0.77537797,8.17,7.20%,0.107564738
2012,Illinois,31.50%,0.679586563,9.29,9.70%,0.100228654
2012,Indiana,25.50%,0.745192308,8.17,8.30%,0.106462681
2012,Iowa,14.50%,0.85440613,8.17,5.40%,0.088200246
2012,Kansas,20.70%,0.782881002,8.17,6.00%,0.095546426
2012,Kentucky,29.00%,0.705607477,8.17,8.90%,0.13216106
2012,Louisiana,29.70%,0.699421965,8.17,8.10%,0.132958117
2012,Maine,19.70%,0.80125523,8.45,7.60%,0.101226459
2012,Maryland,25.90%,0.733333333,8.17,7.90%,0.070664222
2012,Massachusetts,22.60%,0.775510204,9.01,8.70%,0.080980576
2012,Michigan,30.60%,0.693430657,8.34,11.20%,0.120589869
2012,Minnesota,18.30%,0.816247582,8.17,6.10%,0.079301172
2012,Mississippi,39.90%,0.584615385,8.17,9.70%,0.153047421
2012,Missouri,25.00%,0.727477477,8.17,8.40%,0.110984327
2012,Montana,19.10%,0.799076212,8.17,7.10%,0.111533
2012,Nebraska,18.50%,0.815298507,8.17,4.80%,0.088085707
2012,Nevada,30.60%,0.691394659,8.17,11.80%,0.113698178
2012,New Hampshire,23.50%,0.762711864,8.17,6.10%,0.064673567
2012,New Jersey,26.90%,0.725490196,8.17,9.40%,0.070996448
2012,New Mexico,36.90%,0.626702997,8.45,9.60%,0.138384604
2012,New York,29.00%,0.706624606,8.17,9.00%,0.105065031
2012,North Carolina,32.50%,0.657216495,8.17,10.10%,0.121159988
2012,North Dakota,11.40%,0.870333988,8.17,3.30%,0.074169728
2012,Ohio,27.10%,0.727891156,8.67,9.00%,0.110152852
2012,Oklahoma,22.50%,0.759213759,8.17,5.90%,0.115122298
2012,Oregon,31.40%,0.68556701,9.91,11.00%,0.127060257
2012,Pennsylvania,24.80%,0.749379653,8.17,8.80%,0.090719232
2012,Rhode Island,24.80%,0.745454545,8.34,9.40%,0.08975152
2012,South Carolina,34.00%,0.615979381,8.17,10.30%,0.119922073
2012,South Dakota,12.90%,0.864341085,8.17,4.80%,0.087740862
2012,Tennessee,27.60%,0.723958333,8.17,8.70%,0.122374674
2012,Texas,26.50%,0.722689076,8.17,6.80%,0.115883363
2012,Utah,20.20%,0.795546559,8.17,6.00%,0.094261162
2012,Vermont,16.90%,0.830835118,9.53,6.80%,0.082172215
2012,Virginia,26.80%,0.706849315,8.17,6.50%,0.081924053
2012,Washington,28.80%,0.700265252,10.18,8.20%,0.095092758
2012,West Virginia,27.70%,0.724340176,8.17,8.90%,0.127145845
2012,Wisconsin,20.70%,0.793172691,8.17,7.30%,0.090847289
2012,Wyoming,21.60%,0.778004073,8.17,5.00%,0.091791962
2013,Alabama,29.30%,0.706586826,8.05,8.90%,0.124572136
2013,Alaska,24.80%,0.71719457,8.61,9.20%,0.067612475
2013,Arizona,25.80%,0.734246575,8.66,8.50%,0.124811863
2013,Arkansas,24.70%,0.752777778,8.05,7.80%,0.128463406
2013,California,33.20%,0.657439446,8.88,9.30%,0.115028751
2013,Colorado,26.50%,0.715990453,8.64,6.30%,0.093661314
2013,Connecticut,26.40%,0.724137931,9.16,9.50%,0.072237031
2013,Delaware,20.60%,0.784946237,8.05,9.10%,0.082421425
2013,District of Columbia,33.60%,0.647058824,9.16,11.40%,0.127315129
2013,Florida,29.20%,0.692789969,8.65,9.40%,0.112546706
2013,Georgia,32.90%,0.660660661,8.05,9.20%,0.128784397
2013,Hawaii,28.10%,0.664819945,8.05,5.90%,0.077992736
2013,Idaho,26.00%,0.738095238,8.05,5.90%,0.110979689
2013,Illinois,29.30%,0.697435897,9.16,9.10%,0.100197052
2013,Indiana,21.40%,0.784653465,8.05,7.50%,0.110447385
2013,Iowa,15.40%,0.846880907,8.05,4.60%,0.086872522
2013,Kansas,18.00%,0.818965517,8.05,5.30%,0.094205921
2013,Kentucky,23.50%,0.756097561,8.05,8.30%,0.130626189
2013,Louisiana,26.60%,0.727272727,8.05,7.40%,0.131490285
2013,Maine,19.90%,0.800847458,8.33,7.60%,0.099940465
2013,Maryland,24.40%,0.744125326,8.05,7.30%,0.068510438
2013,Massachusetts,21.80%,0.782407407,8.88,7.60%,0.080533447
2013,Michigan,26.00%,0.741463415,8.22,9.60%,0.119163794
2013,Minnesota,15.60%,0.84375,8.05,5.40%,0.079543181
2013,Mississippi,34.70%,0.634674923,8.05,9.80%,0.156332241
2013,Missouri,20.30%,0.772925764,8.16,7.30%,0.107734961
2013,Montana,18.50%,0.814889336,8.05,7.50%,0.116334189
2013,Nebraska,14.00%,0.858208955,8.05,4.50%,0.088145953
2013,Nevada,30.90%,0.6875,8.05,11.00%,0.107942964
2013,New Hampshire,20.40%,0.795591182,8.05,6.00%,0.063884644
2013,New Jersey,25.30%,0.743362832,8.05,8.40%,0.075118449
2013,New Mexico,31.70%,0.672413793,8.33,8.00%,0.144956055
2013,New York,26.00%,0.73566879,8.05,8.60%,0.10645939
2013,North Carolina,30.10%,0.684507042,8.05,9.10%,0.121571642
2013,North Dakota,6.70%,0.904315197,8.05,2.60%,0.084263102
2013,Ohio,25.20%,0.748868778,8.72,8.00%,0.109304541
2013,Oklahoma,18.00%,0.792771084,8.05,5.30%,0.110235034
2013,Oregon,25.10%,0.748780488,9.94,9.10%,0.121524553
2013,Pennsylvania,24.50%,0.75245098,8.05,8.20%,0.091620925
2013,Rhode Island,24.10%,0.757719715,8.61,8.10%,0.095099821
2013,South Carolina,29.30%,0.664141414,8.05,9.10%,0.122924403
2013,South Dakota,11.60%,0.882246377,8.05,3.80%,0.095112175
2013,Tennessee,26.10%,0.738693467,8.05,8.10%,0.11872143
2013,Texas,23.90%,0.75070028,8.05,6.10%,0.114117639
2013,Utah,19.40%,0.805785124,8.05,4.60%,0.091850371
2013,Vermont,16.60%,0.835240275,9.55,6.10%,0.088218342
2013,Virginia,21.00%,0.767263427,8.05,6.10%,0.081181144
2013,Washington,25.60%,0.739884393,10.2,7.90%,0.101288163
2013,West Virginia,29.10%,0.70855615,8.05,8.20%,0.12762316
2013,Wisconsin,15.00%,0.850098619,8.05,6.80%,0.091648392
2013,Wyoming,21.20%,0.784518828,8.05,4.90%,0.078447406
2014,Alabama,26.40%,0.73006135,7.92,8.10%,0.128244881
2014,Alaska,20.70%,0.733990148,8.47,7.40%,0.079789651
2014,Arizona,23.80%,0.754716981,8.63,7.60%,0.122388771
2014,Arkansas,21.70%,0.783625731,7.92,6.50%,0.125058728
2014,California,29.40%,0.692041522,9.83,7.90%,0.11267221
2014,Colorado,18.40%,0.793650794,8.74,4.90%,0.087186434
2014,Connecticut,22.90%,0.761336516,9.51,7.80%,0.07134927
2014,Delaware,22.30%,0.777486911,8.47,6.30%,0.084715987
2014,District of Columbia,29.20%,0.69058296,10.38,9.30%,0.121449905
2014,Florida,26.20%,0.728434505,8.66,7.50%,0.108546038
2014,Georgia,26.00%,0.718181818,7.92,7.50%,0.122071976
2014,Hawaii,21.90%,0.727777778,7.92,5.80%,0.07880283
2014,Idaho,15.80%,0.84047619,7.92,5.40%,0.098824359
2014,Illinois,25.50%,0.734693878,9.01,7.70%,0.097366176
2014,Indiana,22.40%,0.774038462,7.92,6.60%,0.104766203
2014,Iowa,12.90%,0.872047244,7.92,4.40%,0.0846486
2014,Kansas,17.80%,0.814345992,7.92,4.90%,0.092945494
2014,Kentucky,20.30%,0.783018868,7.92,7.40%,0.131730439
2014,Louisiana,26.10%,0.732307692,7.92,7.00%,0.132613879
2014,Maine,14.20%,0.857731959,8.19,6.40%,0.098148867
2014,Maryland,22.20%,0.755434783,7.92,6.90%,0.07075097
2014,Massachusetts,18.40%,0.815489749,8.74,6.60%,0.079312258
2014,Michigan,22.90%,0.772300469,8.9,8.10%,0.113060674
2014,Minnesota,14.20%,0.857677903,7.92,4.80%,0.079966883
2014,Mississippi,30.50%,0.673529412,7.92,9.00%,0.140954355
2014,Missouri,17.60%,0.804494382,8.19,6.90%,0.10630027
2014,Montana,12.30%,0.876332623,8.63,4.90%,0.114524882
2014,Nebraska,15.20%,0.845401174,7.92,3.70%,0.084829588
2014,Nevada,25.60%,0.739726027,7.92,8.30%,0.104755966
2014,New Hampshire,14.50%,0.853909465,7.92,5.20%,0.062459852
2014,New Jersey,22.40%,0.773700306,9.01,7.00%,0.072493936
2014,New Mexico,25.60%,0.733502538,8.19,8.20%,0.141312914
2014,New York,23.90%,0.756493506,8.74,7.10%,0.106657352
2014,North Carolina,27.40%,0.70984456,7.92,7.60%,0.117572161
2014,North Dakota,8.30%,0.89958159,7.92,3.00%,0.076942526
2014,Ohio,22.80%,0.772727273,7.92,6.90%,0.107469749
2014,Oklahoma,19.40%,0.773955774,7.92,5.10%,0.114278952
2014,Oregon,24.20%,0.759067358,9.94,7.40%,0.119599562
2014,Pennsylvania,21.70%,0.782178218,7.92,7.10%,0.091414442
2014,Rhode Island,23.80%,0.761792453,8.74,7.10%,0.09600188
2014,South Carolina,24.50%,0.712871287,7.92,7.40%,0.119097504
2014,South Dakota,12.10%,0.876106195,7.92,3.70%,0.095401795
2014,Tennessee,24.40%,0.755610973,7.92,7.00%,0.124468444
2014,Texas,20.70%,0.782122905,7.92,5.20%,0.111479536
2014,Utah,15.10%,0.846473029,7.92,4.40%,0.087582682
2014,Vermont,10.10%,0.898172324,9.54,4.80%,0.087487675
2014,Virginia,21.10%,0.752604167,7.92,5.70%,0.081621635
2014,Washington,23.80%,0.750684932,10.18,6.10%,0.092583375
2014,West Virginia,19.10%,0.808510638,7.92,7.60%,0.129952314
2014,Wisconsin,13.20%,0.867063492,7.92,5.50%,0.091288212
2014,Wyoming,10.40%,0.886255924,7.92,4.20%,0.084665304
2015,Alabama,22.20%,0.778115502,7.91,6.40%,0.124369887
2015,Alaska,21.40%,0.754966887,9.55,8.20%,0.071764967
2015,Arizona,23.00%,0.765789474,8.79,6.00%,0.115428018
2015,Arkansas,20.10%,0.796747967,8.18,5.20%,0.126372844
2015,California,25.90%,0.726027397,9.82,6.70%,0.105253731
2015,Colorado,15.60%,0.828703704,8.98,4.90%,0.082807729
2015,Connecticut,19.90%,0.785888078,9.99,6.60%,0.071384119
2015,Delaware,20.30%,0.796915167,9,5.80%,0.081926168
2015,District of Columbia,22.30%,0.757746479,11.46,6.40%,0.119594616
2015,Florida,22.70%,0.762345679,8.79,6.80%,0.101827286
2015,Georgia,24.50%,0.737951807,7.91,6.30%,0.113929678
2015,Hawaii,14.30%,0.748648649,8.46,4.80%,0.072103525
2015,Idaho,20.50%,0.792735043,7.91,4.70%,0.110345745
2015,Illinois,22.90%,0.760814249,9,6.60%,0.091634442
2015,Indiana,16.80%,0.832568807,7.91,5.40%,0.098223681
2015,Iowa,14.30%,0.856343284,7.91,3.50%,0.085361232
2015,Kansas,14.80%,0.842535787,7.91,4.50%,0.089153027
2015,Kentucky,20.50%,0.787735849,7.91,6.30%,0.124398501
2015,Louisiana,23.30%,0.762048193,7.91,7.20%,0.127136948
2015,Maine,18.30%,0.816,8.18,6.00%,0.094048562
2015,Maryland,17.50%,0.805479452,9,5.30%,0.06616034
2015,Massachusetts,16.60%,0.832214765,9.82,5.90%,0.077983053
2015,Michigan,20.40%,0.796296296,8.89,6.90%,0.108976424
2015,Minnesota,11.80%,0.881132075,7.91,4.30%,0.070690576
2015,Mississippi,29.60%,0.677304965,7.91,7.70%,0.143525231
2015,Missouri,15.80%,0.823129252,8.35,5.30%,0.101741203
2015,Montana,11.10%,0.886649874,8.79,4.90%,0.102342299
2015,Nebraska,13.30%,0.867446394,8.73,2.70%,0.085694625
2015,Nevada,18.60%,0.809384164,7.91,7.70%,0.100889388
2015,New Hampshire,13.30%,0.858267717,7.91,4.30%,0.057113355
2015,New Jersey,20.90%,0.781045752,9.15,6.20%,0.070960607
2015,New Mexico,22.20%,0.767567568,8.18,7.70%,0.137517679
2015,New York,22.30%,0.775577558,9.55,6.40%,0.102896473
2015,North Carolina,24.00%,0.741602067,7.91,5.90%,0.111399423
2015,North Dakota,7.10%,0.914807302,7.91,2.50%,0.077291738
2015,Ohio,19.00%,0.808370044,7.91,6.00%,0.101341921
2015,Oklahoma,18.20%,0.788968825,7.91,4.90%,0.109534347
2015,Oregon,22.80%,0.771356784,10.09,6.60%,0.112824542
2015,Pennsylvania,19.20%,0.806220096,7.91,6.20%,0.086549867
2015,Rhode Island,19.80%,0.801452785,9.82,6.20%,0.091977576
2015,South Carolina,19.40%,0.746153846,7.91,7.40%,0.111365403
2015,South Dakota,8.60%,0.910891089,9.28,4.60%,0.091510366
2015,Tennessee,17.70%,0.822384428,7.91,5.70%,0.112331243
2015,Texas,18.10%,0.807471264,7.91,4.90%,0.102230226
2015,Utah,12.10%,0.878378378,7.91,3.70%,0.082281596
2015,Vermont,11.00%,0.891203704,9.99,4.30%,0.071717509
2015,Virginia,17.00%,0.803149606,7.91,5.10%,0.077458458
2015,Washington,19.40%,0.797333333,10.33,5.50%,0.087450558
2015,West Virginia,22.00%,0.780979827,8.73,7.90%,0.126600558
2015,Wisconsin,11.10%,0.889320388,7.91,4.40%,0.083955625
2015,Wyoming,12.00%,0.881048387,7.91,4.50%,0.078675146
2016,Alabama,22.30%,0.774011299,7.81,5.80%,0.114152787
2016,Alaska,24.60%,0.70719603,10.51,8.20%,0.070267507
2016,Arizona,20.90%,0.784653465,8.68,5.90%,0.105820381
2016,Arkansas,17.00%,0.83090379,8.62,4.90%,0.112331114
2016,California,21.90%,0.765676568,10.78,6.00%,0.096485488
2016,Colorado,16.20%,0.81797235,8.96,4.40%,0.079945376
2016,Connecticut,22.00%,0.769411765,10.35,6.00%,0.067749937
2016,Delaware,16.00%,0.837060703,8.89,5.80%,0.075249754
2016,District of Columbia,31.20%,0.679856115,12.39,5.70%,0.132126289
2016,Florida,19.70%,0.79331307,8.68,5.50%,0.094822614
2016,Georgia,18.90%,0.790633609,7.81,5.30%,0.105753066
2016,Hawaii,16.30%,0.768392371,9.16,4.30%,0.06489598
2016,Idaho,14.90%,0.849223947,7.81,4.20%,0.097816673
2016,Illinois,20.30%,0.785353535,8.89,5.90%,0.087257676
2016,Indiana,15.90%,0.84047619,7.81,4.70%,0.095834581
2016,Iowa,11.50%,0.883333333,7.81,3.90%,0.082195281
2016,Kansas,14.80%,0.843347639,7.81,4.40%,0.08443663
2016,Kentucky,19.80%,0.798185941,7.81,5.70%,0.126022252
2016,Louisiana,24.30%,0.754385965,7.81,7.00%,0.132408963
2016,Maine,15.80%,0.842650104,8.08,4.80%,0.083338219
2016,Maryland,18.30%,0.804177546,9.43,5.10%,0.064460754
2016,Massachusetts,17.00%,0.828703704,10.78,5.20%,0.070503683
2016,Michigan,19.30%,0.806451613,9.16,6.10%,0.10391157
2016,Minnesota,12.00%,0.880539499,7.81,3.90%,0.067564037
2016,Mississippi,25.80%,0.724590164,7.81,6.90%,0.13431381
2016,Missouri,13.50%,0.830835118,8.24,4.80%,0.094715496
2016,Montana,15.70%,0.840354767,8.68,5.00%,0.096592981
2016,Nebraska,12.40%,0.874285714,9.7,3.70%,0.079145087
2016,Nevada,18.80%,0.810734463,7.81,6.10%,0.094173735
2016,New Hampshire,9.90%,0.901010101,7.81,3.80%,0.054797166
2016,New Jersey,19.00%,0.80495356,9.03,5.70%,0.068434157
2016,New Mexico,20.00%,0.796833773,8.08,8.00%,0.126388889
2016,New York,20.30%,0.793548387,9.7,5.80%,0.097749542
2016,North Carolina,22.00%,0.764857881,7.81,5.40%,0.102785999
2016,North Dakota,11.50%,0.868940754,7.81,2.50%,0.076318973
2016,Ohio,17.20%,0.825806452,7.81,5.60%,0.099321697
2016,Oklahoma,16.00%,0.814009662,7.81,5.90%,0.108403737
2016,Oregon,19.70%,0.802992519,10.51,5.50%,0.096321971
2016,Pennsylvania,18.70%,0.813267813,7.81,5.70%,0.085803523
2016,Rhode Island,12.90%,0.870415648,10.35,6.40%,0.086853633
2016,South Carolina,20.60%,0.740384615,7.81,5.50%,0.098691577
2016,South Dakota,16.30%,0.836466165,9.21,3.40%,0.085953287
2016,Tennessee,16.50%,0.833740831,7.81,4.90%,0.106292857
2016,Texas,18.20%,0.804034582,7.81,5.10%,0.100375757
2016,Utah,12.20%,0.877819549,7.81,3.70%,0.076621172
2016,Vermont,14.80%,0.851441242,10.35,4.00%,0.08014113
2016,Virginia,18.20%,0.783715013,7.81,4.60%,0.074533533
2016,Washington,19.30%,0.80156658,10.21,5.30%,0.081524787
2016,West Virginia,23.50%,0.764534884,9.43,8.70%,0.126204389
2016,Wisconsin,11.20%,0.888468809,7.81,3.90%,0.080563903
2016,Wyoming,14.90%,0.836864407,7.81,5.90%,0.085369833
2017,Alabama,19.40%,0.802985075,7.65,5.30%,0.110231611
2017,Alaska,16.80%,0.787528868,10.34,8.50%,0.076900397
2017,Arizona,20.80%,0.788834951,10.55,5.10%,0.097026285
2017,Arkansas,19.60%,0.799472296,8.97,5.30%,0.108155772
2017,California,21.30%,0.768976898,10.55,5.50%,0.08914844
2017,Colorado,13.70%,0.84516129,9.81,3.90%,0.074144991
2017,Connecticut,17.90%,0.805555556,10.66,6.00%,0.064175288
2017,Delaware,16.30%,0.829850746,8.71,5.10%,0.094406001
2017,District of Columbia,24.80%,0.724806202,12.14,6.10%,0.111685592
2017,Florida,17.80%,0.812688822,8.55,5.10%,0.089003921
2017,Georgia,19.60%,0.788732394,7.65,4.90%,0.098153324
2017,Hawaii,14.70%,0.782152231,9.76,3.90%,0.061163962
2017,Idaho,11.10%,0.887795276,7.65,4.20%,0.089702375
2017,Illinois,19.10%,0.79950495,8.71,6.00%,0.084745131
2017,Indiana,16.10%,0.838337182,7.65,4.30%,0.092354281
2017,Iowa,11.60%,0.883895131,7.65,3.30%,0.077150211
2017,Kansas,16.20%,0.829025845,7.65,3.60%,0.082523561
2017,Kentucky,15.00%,0.839816934,7.65,5.40%,0.120411156
2017,Louisiana,20.10%,0.785488959,7.65,6.50%,0.129015771
2017,Maine,12.60%,0.873747495,9.5,4.30%,0.077859322
2017,Maryland,17.40%,0.824742268,9.23,4.80%,0.062268324
2017,Massachusetts,14.60%,0.855072464,11.61,4.40%,0.069493852
2017,Michigan,18.40%,0.815668203,9.39,5.70%,0.096192339
2017,Minnesota,12.10%,0.876893939,8.18,3.50%,0.065834697
2017,Mississippi,22.20%,0.751724138,7.65,6.70%,0.127133014
2017,Missouri,14.50%,0.831509847,8.13,4.40%,0.088988681
2017,Montana,6.90%,0.927789934,8.6,3.70%,0.090917681
2017,Nebraska,15.40%,0.844277674,9.5,2.60%,0.072274547
2017,Nevada,21.10%,0.785326087,7.65,5.20%,0.08760608
2017,New Hampshire,13.10%,0.866404715,7.65,3.80%,0.052016435
2017,New Jersey,16.70%,0.829032258,8.91,4.90%,0.064605559
2017,New Mexico,16.20%,0.825136612,7.91,6.90%,0.129293705
2017,New York,18.10%,0.814935065,10.24,5.60%,0.092380239
2017,North Carolina,18.60%,0.780361757,7.65,4.70%,0.096905906
2017,North Dakota,9.00%,0.896616541,7.65,3.20%,0.072500083
2017,Ohio,16.70%,0.830769231,8.6,4.90%,0.094141898
2017,Oklahoma,18.80%,0.790361446,7.65,5.00%,0.106203183
2017,Oregon,16.30%,0.838541667,10.29,5.20%,0.094340653
2017,Pennsylvania,17.30%,0.826086957,7.65,5.10%,0.083342257
2017,Rhode Island,20.50%,0.794392523,10.13,5.40%,0.074872517
2017,South Carolina,20.20%,0.738154613,7.65,5.60%,0.100393624
2017,South Dakota,11.70%,0.867537313,9.13,3.40%,0.087844717
2017,Tennessee,16.00%,0.839416058,7.65,4.40%,0.099630484
2017,Texas,17.70%,0.807580175,7.65,4.60%,0.093951801
2017,Utah,11.40%,0.885277247,7.65,3.00%,0.070299009
2017,Vermont,13.50%,0.863134658,10.55,4.20%,0.081702686
2017,Virginia,16.90%,0.802056555,7.65,4.20%,0.072773223
2017,Washington,18.30%,0.810606061,11.61,4.50%,0.076099401
2017,West Virginia,23.70%,0.761061947,9.23,6.70%,0.132925312
2017,Wisconsin,9.20%,0.906309751,7.65,3.60%,0.077855395
2017,Wyoming,19.70%,0.789115646,7.65,5.10%,0.077424702
2018,Alabama,18.40%,0.81305638,7.47,5.10%,0.11066334
2018,Alaska,20.20%,0.736730361,10.14,7.50%,0.077749267
2018,Arizona,18.50%,0.80604534,10.82,4.90%,0.090652147
2018,Arkansas,18.50%,0.80952381,8.76,4.00%,0.110678823
2018,California,20.00%,0.782178218,11.33,5.10%,0.084385301
2018,Colorado,14.90%,0.830188679,10.51,3.70%,0.067115536
2018,Connecticut,17.90%,0.80878553,10.4,5.40%,0.068637664
2018,Delaware,15.40%,0.84137931,8.5,5.40%,0.084451458
2018,District of Columbia,24.40%,0.754385965,13.65,7.30%,0.103815417
2018,Florida,18.80%,0.804532578,8.5,4.60%,0.084663684
2018,Georgia,17.30%,0.810495627,7.47,4.10%,0.09164582
2018,Hawaii,9.70%,0.819277108,10.4,3.90%,0.058260641
2018,Idaho,14.60%,0.850446429,7.47,3.20%,0.0794307
2018,Illinois,17.10%,0.821078431,8.5,5.10%,0.081356819
2018,Indiana,13.70%,0.861607143,7.47,4.00%,0.088658954
2018,Iowa,12.10%,0.878095238,7.47,3.40%,0.077794844
2018,Kansas,13.80%,0.855711423,7.47,3.20%,0.081331221
2018,Kentucky,15.60%,0.839285714,7.47,4.70%,0.115489575
2018,Louisiana,24.90%,0.730650155,7.47,6.00%,0.120423497
2018,Maine,14.40%,0.853612167,10.3,3.50%,0.078781403
2018,Maryland,17.30%,0.816,10.4,4.50%,0.060250981
2018,Massachusetts,16.80%,0.831325301,11.33,4.50%,0.066711842
2018,Michigan,15.90%,0.841628959,9.53,5.30%,0.094555771
2018,Minnesota,8.90%,0.91047619,8.28,3.50%,0.066563431
2018,Mississippi,24.60%,0.73354232,7.47,6.10%,0.125962836
2018,Missouri,11.60%,0.868181818,8.09,4.50%,0.088320916
2018,Montana,11.30%,0.878914405,8.55,3.80%,0.08745518
2018,Nebraska,13.90%,0.856074766,9.27,3.20%,0.076332386
2018,Nevada,18.10%,0.815189873,7.47,5.20%,0.08702349
2018,New Hampshire,9.40%,0.903846154,7.47,3.90%,0.050957703
2018,New Jersey,15.60%,0.841614907,8.86,4.60%,0.059793676
2018,New Mexico,17.80%,0.815028902,7.73,6.10%,0.126738432
2018,New York,18.40%,0.813333333,10.71,5.00%,0.088583349
2018,North Carolina,17.60%,0.793611794,7.47,4.20%,0.092165678
2018,North Dakota,10.80%,0.889101338,7.47,2.50%,0.078350286
2018,Ohio,16.20%,0.838852097,8.55,4.80%,0.092296323
2018,Oklahoma,14.20%,0.833712984,7.47,4.00%,0.103882794
2018,Oregon,19.00%,0.807256236,11.07,4.50%,0.089901317
2018,Pennsylvania,15.60%,0.844497608,7.47,4.80%,0.080928693
2018,Rhode Island,15.00%,0.850253807,10.4,6.20%,0.082156629
2018,South Carolina,16.20%,0.78,7.47,4.60%,0.096973095
2018,South Dakota,9.50%,0.902752294,9.12,3.20%,0.088063601
2018,Tennessee,17.30%,0.822966507,7.47,5.00%,0.101755424
2018,Texas,16.00%,0.830945559,7.47,4.40%,0.094557884
2018,Utah,9.90%,0.901140684,7.47,2.70%,0.067343198
2018,Vermont,10.90%,0.890868597,10.82,4.50%,0.07611867
2018,Virginia,15.10%,0.815920398,7.47,3.70%,0.071443893
2018,Washington,17.30%,0.814720812,11.85,3.90%,0.072978957
2018,West Virginia,21.00%,0.790087464,9.01,5.90%,0.120814537
2018,Wisconsin,9.20%,0.905587669,7.47,3.10%,0.075145233
2018,Wyoming,14.00%,0.849287169,7.47,3.50%,0.074571527
2019,Alabama,14.10%,0.850129199,7.34,4.50%,0.101059492
2019,Alaska,16.50%,0.768149883,10.31,5.30%,0.069791241
2019,Arizona,18.00%,0.814070352,12.14,4.40%,0.086015084
2019,Arkansas,20.70%,0.790502793,9.36,4.40%,0.106885482
2019,California,18.40%,0.8,12.14,4.70%,0.07687983
2019,Colorado,12.40%,0.857142857,12.14,3.30%,0.067954143
2019,Connecticut,16.00%,0.825870647,11.13,5.40%,0.065300832
2019,Delaware,15.90%,0.831775701,9.36,3.80%,0.072977671
2019,District of Columbia,24.40%,0.744897959,14.16,6.70%,0.090732011
2019,Florida,15.60%,0.832369942,8.66,4.10%,0.07786142
2019,Georgia,16.10%,0.824797844,7.34,4.30%,0.084454763
2019,Hawaii,27.70%,0.679518072,10.22,3.50%,0.057699363
2019,Idaho,12.70%,0.871743487,7.34,3.00%,0.077461391
2019,Illinois,14.60%,0.843520782,9.36,4.90%,0.076019489
2019,Indiana,12.20%,0.876681614,7.34,3.80%,0.081980536
2019,Iowa,13.70%,0.861480076,7.34,3.50%,0.078768389
2019,Kansas,12.70%,0.862475442,7.34,3.70%,0.076033511
2019,Kentucky,13.10%,0.857461024,7.34,4.70%,0.107404325
2019,Louisiana,14.50%,0.843478261,7.34,5.80%,0.121164652
2019,Maine,11.30%,0.887245841,12.14,2.90%,0.07313627
2019,Maryland,15.90%,0.829396325,11.13,3.90%,0.059331313
2019,Massachusetts,12.10%,0.877030162,12.9,4.00%,0.061814316
2019,Michigan,13.60%,0.860813704,9.76,5.00%,0.088079504
2019,Minnesota,10.40%,0.893772894,8.25,3.20%,0.059769758
2019,Mississippi,23.40%,0.738461538,7.34,6.10%,0.122503292
2019,Missouri,12.70%,0.846491228,9.56,3.40%,0.087057737
2019,Montana,14.20%,0.856581532,8.75,3.80%,0.086968974
2019,Nebraska,13.90%,0.858546169,9.11,3.00%,0.068244671
2019,Nevada,19.50%,0.794621027,7.34,4.70%,0.083349931
2019,New Hampshire,8.70%,0.907949791,7.34,3.00%,0.052625655
2019,New Jersey,15.60%,0.83908046,11.13,4.50%,0.057512438
2019,New Mexico,14.20%,0.840206186,9.11,5.50%,0.116215297
2019,New York,14.90%,0.847133758,11.94,4.30%,0.082077506
2019,North Carolina,16.30%,0.807881773,7.34,4.20%,0.088038515
2019,North Dakota,9.80%,0.887378641,7.34,2.40%,0.080004047
2019,Ohio,14.40%,0.854209446,8.8,4.30%,0.086230544
2019,Oklahoma,13.40%,0.843037975,7.34,4.10%,0.101375736
2019,Oregon,19.20%,0.801488834,11.38,4.70%,0.081832072
2019,Pennsylvania,12.30%,0.873853211,7.34,4.40%,0.078162808
2019,Rhode Island,16.40%,0.834745763,10.62,4.90%,0.071643106
2019,South Carolina,15.30%,0.798543689,7.34,4.40%,0.086826954
2019,South Dakota,10.40%,0.891472868,9.41,3.80%,0.078399048
2019,Tennessee,14.30%,0.852272727,7.34,3.90%,0.090756623
2019,Texas,14.50%,0.837465565,7.34,3.90%,0.086379716
2019,Utah,11.90%,0.879496403,7.34,2.50%,0.064087979
2019,Vermont,9.50%,0.9,11.09,3.50%,0.076964237
2019,Virginia,15.20%,0.809090909,7.34,3.40%,0.066149336
2019,Washington,18.40%,0.805825243,13.66,4.00%,0.068619539
2019,West Virginia,16.60%,0.833333333,8.85,6.40%,0.112849837
2019,Wisconsin,10.00%,0.899047619,7.34,3.30%,0.070452332
2019,Wyoming,13.70%,0.857758621,7.34,3.10%,0.069429873
2020,Alabama,17.80%,0.817391304,7.25,5.10%,0.104802027
2020,Alaska,19.30%,0.746958637,10.19,7.70%,0.0723715
2020,Arizona,19.70%,0.794416244,12,5.30%,0.091320402
2020,Arkansas,18.90%,0.806179775,10,4.90%,0.106909101
2020,California,20.40%,0.780730897,13,5.80%,0.083849638
2020,Colorado,15.10%,0.830396476,12,4.40%,0.070489075
2020,Connecticut,18.90%,0.796482412,11,5.90%,0.065645003
2020,Delaware,17.20%,0.823383085,9.25,5.40%,0.07493565
2020,District of Columbia,25.20%,0.737226277,14,6.70%,0.103949122
2020,Florida,17.70%,0.811940299,8.56,5.10%,0.084221772
2020,Georgia,18.20%,0.801699717,7.25,4.90%,0.093189955
2020,Hawaii,16.50%,0.771052632,10.1,4.50%,0.059778767
2020,Idaho,13.70%,0.858921162,7.25,3.80%,0.082355069
2020,Illinois,18.10%,0.80798005,9.25,5.70%,0.080218439
2020,Indiana,14.00%,0.859447005,7.25,4.50%,0.088152026
2020,Iowa,12.00%,0.878378378,7.25,3.70%,0.078170442
2020,Kansas,14.10%,0.849287169,7.25,3.80%,0.078555208
2020,Kentucky,15.20%,0.83908046,7.25,5.20%,0.112427372
2020,Louisiana,22.10%,0.767584098,7.25,6.50%,0.122299597
2020,Maine,14.00%,0.858546169,12,4.00%,0.074748077
2020,Maryland,17.60%,0.814323607,11,4.80%,0.059804469
2020,Massachusetts,15.80%,0.84057971,12.75,5.00%,0.065607319
2020,Michigan,17.90%,0.820861678,9.65,5.80%,0.093544622
2020,Minnesota,11.00%,0.890384615,8.15,3.80%,0.063815823
2020,Mississippi,24.20%,0.734219269,7.25,6.50%,0.125723687
2020,Missouri,12.80%,0.847006652,9.45,4.40%,0.087590939
2020,Montana,13.90%,0.855291577,8.65,4.10%,0.089359102
2020,Nebraska,13.40%,0.86259542,9,3.00%,0.071779762
2020,Nevada,20.00%,0.794736842,7.25,5.90%,0.085791915
2020,New Hampshire,10.60%,0.888888889,7.25,4.00%,0.051101408
2020,New Jersey,17.20%,0.825153374,11,5.40%,0.061761295
2020,New Mexico,17.90%,0.813370474,9,6.60%,0.12086453
2020,New York,19.10%,0.803333333,11.8,5.60%,0.088361261
2020,North Carolina,19.10%,0.777202073,7.25,4.90%,0.091568325
2020,North Dakota,11.60%,0.866666667,7.25,3.00%,0.075363967
2020,Ohio,16.20%,0.836601307,8.7,5.10%,0.091311865
2020,Oklahoma,15.80%,0.817955112,7.25,4.90%,0.103290611
2020,Oregon,17.80%,0.819548872,11.25,5.20%,0.088889228
2020,Pennsylvania,16.30%,0.837378641,7.25,5.20%,0.078314476
2020,Rhode Island,15.80%,0.841075795,10.5,5.50%,0.075749242
2020,South Carolina,17.70%,0.769423559,7.25,5.10%,0.094470353
2020,South Dakota,12.80%,0.867961165,9.3,3.60%,0.08494435
2020,Tennessee,16.00%,0.837772397,7.25,4.80%,0.097477177
2020,Texas,16.90%,0.819241983,7.25,4.80%,0.090832631
2020,Utah,11.60%,0.881355932,7.25,3.10%,0.066900513
2020,Vermont,11.40%,0.886414254,10.96,4.10%,0.076550715
2020,Virginia,16.40%,0.800498753,7.25,4.20%,0.067217621
2020,Washington,17.80%,0.810741688,13.5,4.60%,0.072048608
2020,West Virginia,20.90%,0.790697674,8.75,6.90%,0.118002575
2020,Wisconsin,9.70%,0.901734104,7.25,3.60%,0.07462051
2020,Wyoming,15.90%,0.826280624,7.25,4.40%,0.075703756
